1.037295222282409668e+00,2.672353267669677734e+00,3.214801073074340820e+00,3.103854179382324219e+00,1.821990013122558594e+00,4.558826088905334473e-01,2.488390654325485229e-01,7.044462561607360840e-01,8.817127943038940430e-01,8.743179440498352051e-01,5.751765370368957520e-01,6.189955472946166992e-01,1.773258447647094727e+00,2.782712459564208984e+00,2.989871263504028320e+00,2.926460742950439453e+00,2.364486694335937500e+00,1.798333644866943359e+00,1.374865770339965820e+00,9.135072231292724609e-01,3.939164280891418457e-01,4.447401762008666992e-01,1.327084541320800781e+00,3.018872022628784180e+00,3.680525064468383789e+00,3.588024377822875977e+00,2.022123575210571289e+00,1.718923568725585938e+00,1.996531128883361816e+00,1.949318647384643555e+00,1.627778649330139160e+00,1.507272005081176758e+00,1.192285180091857910e+00,6.937289834022521973e-01,5.565951466560363770e-01,7.516364455223083496e-01,9.525199532508850098e-01,1.022116184234619141e+00,1.000704765319824219e+00,6.750174760818481445e-01,1.863277256488800049e-01
0.000000000000000000e+00,0.000000000000000000e+00,0.000000000000000000e+00,0.000000000000000000e+00,0.000000000000000000e+00,0.000000000000000000e+00,0.000000000000000000e+00,0.000000000000000000e+00,0.000000000000000000e+00,0.000000000000000000e+00,0.000000000000000000e+00,0.000000000000000000e+00,0.000000000000000000e+00,0.000000000000000000e+00,0.000000000000000000e+00,0.000000000000000000e+00,0.000000000000000000e+00,0.000000000000000000e+00,0.000000000000000000e+00,0.000000000000000000e+00,0.000000000000000000e+00,0.000000000000000000e+00,0.000000000000000000e+00,0.000000000000000000e+00,0.000000000000000000e+00,0.000000000000000000e+00,0.000000000000000000e+00,0.000000000000000000e+00,0.000000000000000000e+00,0.000000000000000000e+00,0.000000000000000000e+00,0.000000000000000000e+00,0.000000000000000000e+00,0.000000000000000000e+00,0.000000000000000000e+00,0.000000000000000000e+00,0.000000000000000000e+00,0.000000000000000000e+00,0.000000000000000000e+00,0.000000000000000000e+00,0.000000000000000000e+00
1.860759496688842773e+00,2.761747360229492188e+00,2.668161630630493164e+00,9.579713940620422363e-01,2.178559005260467529e-01,3.428707718849182129e-01,9.498120546340942383e-01,9.670521020889282227e-01,4.159098267555236816e-01,1.945301175117492676e+00,2.127189159393310547e+00,1.324720382690429688e+00,3.282081782817840576e-01,3.421871662139892578e-01,5.473142266273498535e-01,1.750306725502014160e+00,2.095546960830688477e+00,2.706136226654052734e+00,2.991064310073852539e+00,2.778301954269409180e+00,1.158029913902282715e+00,5.605437159538269043e-01,1.095355391502380371e+00,1.665906190872192383e+00,2.510622739791870117e+00,4.325256347656250000e+00,5.269042015075683594e+00,5.217247009277343750e+00,3.206722736358642578e+00,6.417961716651916504e-01,6.490611433982849121e-01,5.180084705352783203e-01,5.292398929595947266e-01,1.006570219993591309e+00,1.331814765930175781e+00,4.162895202636718750e+00,6.290225505828857422e+00,6.288681507110595703e+00,4.180394649505615234e+00,1.360449194908142090e+00,2.683160305023193359e-01
2.811119258403778076e-01,5.446424484252929688e-01,1.040886878967285156e+00,9.254388213157653809e-01,1.614192843437194824e+00,2.158704519271850586e+00,1.917694926261901855e+00,1.154097080230712891e+00,8.262041807174682617e-01,4.745327532291412354e-01,8.029012084007263184e-01,2.623738765716552734e+00,6.198836803436279297e+00,6.610070705413818359e+00,5.650802612304687500e+00,2.882535934448242188e+00,1.575004100799560547e+00,1.534157395362854004e+00,1.803161025047302246e+00,1.833290576934814453e+00,1.285439610481262207e+00,1.272940516471862793e+00,1.614448428153991699e+00,1.591755509376525879e+00,1.155515313148498535e+00,5.533995032310485840e-01,7.900679111480712891e-01,1.492336869239807129e+00,1.620553612709045410e+00,1.316212773323059082e+00,2.937788963317871094e-01,2.998150885105133057e-01,3.688645064830780029e-01,3.253364264965057373e-01,2.291305810213088989e-01,3.401940166950225830e-01,1.168841958045959473e+00,2.777413845062255859e+00,2.805987596511840820e+00,1.553419232368469238e+00,8.663090467453002930e-01
0.000000000000000000e+00,0.000000000000000000e+00,0.000000000000000000e+00,0.000000000000000000e+00,0.000000000000000000e+00,0.000000000000000000e+00,0.000000000000000000e+00,0.000000000000000000e+00,0.000000000000000000e+00,0.000000000000000000e+00,0.000000000000000000e+00,0.000000000000000000e+00,0.000000000000000000e+00,0.000000000000000000e+00,0.000000000000000000e+00,0.000000000000000000e+00,0.000000000000000000e+00,0.000000000000000000e+00,0.000000000000000000e+00,0.000000000000000000e+00,0.000000000000000000e+00,0.000000000000000000e+00,0.000000000000000000e+00,0.000000000000000000e+00,0.000000000000000000e+00,0.000000000000000000e+00,0.000000000000000000e+00,0.000000000000000000e+00,0.000000000000000000e+00,0.000000000000000000e+00,0.000000000000000000e+00,0.000000000000000000e+00,0.000000000000000000e+00,0.000000000000000000e+00,0.000000000000000000e+00,0.000000000000000000e+00,0.000000000000000000e+00,0.000000000000000000e+00,0.000000000000000000e+00,0.000000000000000000e+00,0.000000000000000000e+00
1.115853190422058105e+00,2.608833074569702148e+00,3.701581478118896484e+00,3.925690174102783203e+00,3.868122816085815430e+00,3.170947551727294922e+00,2.151847600936889648e+00,1.857437014579772949e+00,3.312016487121582031e+00,3.516557693481445312e+00,3.126485109329223633e+00,2.141489267349243164e+00,7.653768062591552734e-01,2.251977920532226562e+00,2.214603662490844727e+00,7.609404921531677246e-01,9.523006677627563477e-01,1.526578307151794434e+00,1.514237523078918457e+00,1.213997602462768555e+00,7.553744912147521973e-01,4.412770867347717285e-01,1.105100870132446289e+00,1.078378081321716309e+00,8.116425871849060059e-01,1.489150762557983398e+00,1.619867205619812012e+00,1.944259762763977051e+00,1.602669358253479004e+00,1.050301074981689453e+00,1.300117015838623047e+00,9.524003267288208008e-01,1.326521188020706177e-01,1.437711864709854126e-01,3.952922821044921875e-01,4.107516109943389893e-01,3.720776438713073730e-01,7.221486568450927734e-01,7.766941189765930176e-01,5.708767771720886230e-01,1.750414818525314331e-01
1.493711590766906738e+00,1.574654817581176758e+00,7.769843935966491699e-01,2.283502817153930664e+00,2.204193592071533203e+00,8.403017520904541016e-01,9.493471384048461914e-01,1.019897222518920898e+00,4.263809204101562500e+00,4.335561752319335938e+00,1.328701019287109375e+00,2.712049245834350586e+00,2.723070144653320312e+00,2.780242443084716797e+00,2.830269336700439453e+00,1.587578892707824707e+00,8.889954686164855957e-01,3.687914133071899414e+00,3.650969266891479492e+00,1.046439647674560547e+00,6.388871073722839355e-01,2.365926504135131836e+00,2.539548635482788086e+00,1.836125016212463379e+00,1.818801403045654297e+00,2.318630218505859375e+00,2.761329412460327148e+00,2.798595905303955078e+00,1.349943995475769043e+00,3.043359279632568359e+00,2.985868930816650391e+00,1.180656790733337402e+00,6.400157809257507324e-01,2.945554554462432861e-01,3.010067343711853027e-01,1.128990277647972107e-01,5.669297575950622559e-01,6.270617842674255371e-01,3.641892075538635254e-01,8.096121996641159058e-02,9.431626647710800171e-02
1.499990224838256836e-01,9.838967919349670410e-01,2.161106109619140625e+00,2.005527496337890625e+00,1.069041252136230469e+00,1.764280676841735840e+00,1.487820506095886230e+00,2.147416114807128906e+00,3.082520961761474609e+00,3.084468603134155273e+00,2.241652727127075195e+00,4.612525105476379395e-01,9.771996140480041504e-01,1.428135156631469727e+00,3.552456378936767578e+00,3.564660549163818359e+00,2.859226465225219727e+00,3.004249811172485352e+00,1.865659832954406738e+00,3.473003804683685303e-01,1.596088171005249023e+00,1.614685058593750000e+00,5.152290463447570801e-01,3.933778107166290283e-01,1.275088071823120117e+00,1.455686450004577637e+00,1.662343978881835938e+00,1.775251269340515137e+00,1.229632139205932617e+00,4.070377647876739502e-01,4.541595876216888428e-01,1.725398749113082886e-01,3.540624976158142090e-01,5.313240289688110352e-01,1.091555118560791016e+00,1.341578006744384766e+00,2.169866561889648438e+00,2.536021471023559570e+00,2.341390371322631836e+00,1.080641031265258789e+00,2.036998718976974487e-01
0.000000000000000000e+00,0.000000000000000000e+00,0.000000000000000000e+00,0.000000000000000000e+00,0.000000000000000000e+00,0.000000000000000000e+00,0.000000000000000000e+00,0.000000000000000000e+00,0.000000000000000000e+00,0.000000000000000000e+00,0.000000000000000000e+00,0.000000000000000000e+00,0.000000000000000000e+00,0.000000000000000000e+00,0.000000000000000000e+00,0.000000000000000000e+00,0.000000000000000000e+00,0.000000000000000000e+00,0.000000000000000000e+00,0.000000000000000000e+00,0.000000000000000000e+00,0.000000000000000000e+00,0.000000000000000000e+00,0.000000000000000000e+00,0.000000000000000000e+00,0.000000000000000000e+00,0.000000000000000000e+00,0.000000000000000000e+00,0.000000000000000000e+00,0.000000000000000000e+00,0.000000000000000000e+00,0.000000000000000000e+00,0.000000000000000000e+00,0.000000000000000000e+00,0.000000000000000000e+00,0.000000000000000000e+00,0.000000000000000000e+00,0.000000000000000000e+00,0.000000000000000000e+00,0.000000000000000000e+00,0.000000000000000000e+00
5.683780908584594727e-01,1.446908831596374512e+00,1.439869880676269531e+00,2.162038564682006836e+00,2.199097871780395508e+00,1.026360154151916504e+00,1.637199759483337402e+00,1.340527176856994629e+00,6.722475290298461914e-01,5.828739404678344727e-01,3.126415491104125977e+00,3.479222059249877930e+00,2.391287803649902344e+00,3.762617111206054688e+00,5.092054843902587891e+00,3.082174539566040039e+00,1.785064816474914551e+00,2.081502199172973633e+00,1.304500341415405273e+00,7.030224800109863281e-01,1.555719137191772461e+00,1.550184249877929688e+00,5.105284452438354492e-01,8.390243351459503174e-02,7.408980131149291992e-01,2.300193309783935547e+00,2.469408512115478516e+00,1.014799356460571289e+00,2.349235057830810547e+00,2.228377342224121094e+00,1.957169532775878906e+00,6.413297653198242188e-01,1.713615804910659790e-01,1.069046139717102051e+00,3.228632926940917969e+00,3.244922161102294922e+00,8.331214189529418945e-01,2.521559953689575195e+00,2.521821022033691406e+00,1.435756564140319824e+00,2.795435190200805664e-01
1.237495779991149902e+00,1.704999923706054688e+00,6.157034039497375488e-01,2.448168992996215820e+00,2.750544309616088867e+00,6.567190885543823242e-01,3.642315149307250977e+00,3.819702148437500000e+00,1.921439886093139648e+00,1.264277815818786621e+00,2.871801853179931641e+00,3.407401323318481445e+00,2.712999820709228516e+00,4.690670490264892578e+00,5.234865188598632812e+00,3.103767395019531250e+00,6.867470741271972656e-01,1.725446462631225586e+00,1.140804409980773926e+00,1.129234075546264648e+00,1.331455707550048828e+00,1.499198794364929199e+00,3.424750268459320068e-01,6.720144152641296387e-01,1.170066118240356445e+00,2.035404443740844727e+00,2.722266435623168945e+00,2.032309293746948242e+00,4.685619831085205078e+00,4.537198066711425781e+00,1.404864788055419922e+00,5.849375128746032715e-01,2.257526814937591553e-01,7.226468920707702637e-01,1.243227005004882812e+00,4.329595088958740234e+00,3.793746948242187500e+00,2.487710237503051758e+00,2.384057044982910156e+00,1.243932485580444336e+00,7.648933529853820801e-01
8.978328704833984375e-01,3.184120655059814453e+00,4.197741508483886719e+00,2.374968051910400391e+00,4.308835506439208984e+00,4.012220382690429688e+00,2.715683460235595703e+00,4.402441501617431641e+00,3.723833799362182617e+00,1.016197681427001953e+00,9.810248017311096191e-01,9.980623126029968262e-01,9.077790975570678711e-01,3.541050195693969727e+00,4.036224842071533203e+00,2.390291452407836914e+00,1.441066741943359375e+00,1.235314726829528809e+00,4.209825038909912109e+00,4.195144176483154297e+00,1.888384819030761719e+00,1.228562831878662109e+00,9.553792476654052734e-01,1.126445055007934570e+00,1.767655730247497559e+00,1.804276823997497559e+00,9.715783596038818359e-01,1.474214911460876465e+00,2.800342082977294922e+00,2.802516460418701172e+00,8.724612593650817871e-01,1.218262314796447754e+00,1.215055346488952637e+00,3.917642235755920410e-01,7.940022945404052734e-01,4.459588527679443359e+00,1.009037876129150391e+01,7.951077938079833984e+00,3.700677156448364258e+00,3.858197212219238281e+00,1.538690209388732910e+00
9.981717467308044434e-01,5.055945396423339844e+00,4.940444469451904297e+00,3.078689813613891602e+00,3.609607219696044922e+00,3.141728162765502930e+00,2.716727256774902344e+00,7.147013545036315918e-01,7.196878790855407715e-01,4.136608839035034180e-01,5.033804178237915039e-01,9.156017899513244629e-01,2.613522768020629883e+00,4.037670135498046875e+00,2.142428874969482422e+00,1.113432168960571289e+00,9.881696105003356934e-01,9.868813157081604004e-01,4.709769248962402344e+00,5.273550510406494141e+00,1.336226940155029297e+00,1.791841983795166016e+00,1.868184447288513184e+00,1.522886157035827637e+00,1.094707608222961426e+00,1.172917962074279785e+00,1.389237761497497559e+00,9.199374914169311523e-01,1.750885486602783203e+00,3.202925682067871094e+00,7.199730277061462402e-01,1.886010289192199707e+00,1.910836577415466309e+00,9.826217889785766602e-01,1.556873083114624023e+00,3.857872724533081055e+00,1.083181953430175781e+01,8.675877571105957031e+00,2.566776275634765625e+00,2.755805253982543945e+00,2.200658023357391357e-01
3.885333299636840820e+00,6.853792667388916016e+00,3.949579477310180664e+00,3.820488929748535156e+00,4.034461975097656250e+00,1.539589405059814453e+00,1.109711647033691406e+00,8.730801343917846680e-01,1.008783817291259766e+00,1.210684299468994141e+00,1.461761951446533203e+00,2.124300241470336914e+00,2.134392261505126953e+00,2.252836942672729492e+00,1.652656555175781250e+00,1.655392169952392578e+00,2.088830709457397461e+00,1.383445620536804199e+00,4.241369247436523438e+00,4.186052322387695312e+00,1.678843855857849121e+00,1.139480471611022949e+00,1.461586475372314453e+00,2.099166154861450195e+00,3.203801155090332031e+00,2.717044591903686523e+00,1.022261857986450195e+00,5.988672375679016113e-01,1.745575547218322754e+00,4.151526451110839844e+00,2.841935634613037109e+00,1.008166313171386719e+00,1.055736541748046875e+00,1.043927073478698730e+00,1.050334215164184570e+00,4.174585819244384766e+00,7.325539112091064453e+00,1.811612844467163086e+00,1.722549080848693848e+00,1.799374818801879883e+00,8.390390872955322266e-02
5.231752395629882812e+00,6.755245208740234375e+00,9.808062911033630371e-01,1.861774563789367676e+00,1.896217823028564453e+00,1.704230904579162598e+00,3.615142107009887695e-01,5.416957139968872070e-01,2.750028371810913086e+00,2.744640827178955078e+00,2.793118953704833984e+00,2.653053522109985352e+00,1.344248890876770020e+00,9.722741842269897461e-01,3.611732006072998047e+00,3.746543169021606445e+00,3.195286989212036133e+00,2.845729589462280273e+00,3.793632745742797852e+00,2.196753025054931641e+00,8.358832597732543945e-01,5.660907626152038574e-01,1.243959665298461914e+00,1.395888447761535645e+00,2.413802623748779297e+00,2.402795791625976562e+00,1.060454964637756348e+00,1.066867709159851074e+00,1.338617324829101562e+00,3.985968351364135742e+00,3.458902359008789062e+00,5.978305339813232422e-01,4.354840219020843506e-01,6.691265702247619629e-01,6.157810091972351074e-01,5.961776733398437500e+00,5.934774398803710938e+00,6.369217634201049805e-01,1.440672159194946289e+00,1.779729485511779785e+00,2.189412862062454224e-01
6.094215869903564453e+00,7.851755142211914062e+00,4.476713180541992188e+00,5.461287975311279297e+00,9.854483604431152344e+00,1.364403724670410156e+01,1.007387542724609375e+01,6.563842892646789551e-01,3.124191284179687500e+00,3.116576433181762695e+00,3.038851976394653320e+00,1.439481019973754883e+00,6.097623109817504883e-01,8.742486238479614258e-01,3.621274232864379883e+00,3.659770965576171875e+00,2.502153635025024414e+00,2.652600288391113281e+00,2.391664981842041016e+00,1.533666253089904785e+00,3.351155817508697510e-01,1.555154323577880859e+00,1.715672016143798828e+00,3.696795463562011719e+00,2.370380163192749023e+00,2.420222282409667969e+00,2.767544984817504883e+00,3.102207660675048828e+00,1.794623732566833496e+00,2.668419837951660156e+00,1.323531746864318848e+00,8.005489110946655273e-01,5.675689578056335449e-01,7.801165580749511719e-01,2.262114286422729492e+00,6.598401546478271484e+00,6.390932083129882812e+00,8.929952621459960938e+00,8.862660408020019531e+00,4.923054695129394531e+00,1.450336277484893799e-01
1.747211694717407227e+00,3.481531381607055664e+00,4.411044597625732422e+00,9.824293136596679688e+00,1.126263809204101562e+01,1.067796516418457031e+01,1.041785049438476562e+01,4.829382002353668213e-01,1.203231692314147949e+00,2.782049417495727539e+00,2.894251108169555664e+00,2.232871294021606445e+00,7.000503540039062500e-01,4.073733687400817871e-01,1.678778290748596191e+00,5.440253734588623047e+00,5.449009418487548828e+00,2.575769901275634766e+00,1.121125340461730957e+00,1.177869677543640137e+00,5.800221562385559082e-01,1.392539262771606445e+00,1.348815083503723145e+00,2.345458745956420898e+00,1.859246373176574707e+00,2.208821296691894531e+00,2.863472938537597656e+00,3.180932521820068359e+00,1.952992439270019531e+00,1.636319637298583984e+00,1.606055498123168945e+00,1.006989002227783203e+00,9.561086297035217285e-01,2.804193735122680664e+00,4.744485855102539062e+00,3.969148874282836914e+00,4.804475307464599609e+00,6.424692630767822266e+00,6.731318950653076172e+00,3.412574052810668945e+00,3.033080995082855225e-01
1.167750209569931030e-01,7.518321871757507324e-01,1.486864805221557617e+00,1.041295051574707031e+01,3.297894001007080078e+00,3.286683559417724609e+00,4.110124111175537109e+00,1.069097757339477539e+00,7.628837227821350098e-01,2.510310649871826172e+00,4.032892227172851562e+00,2.154967546463012695e+00,2.248714685440063477e+00,7.753853201866149902e-01,5.845022201538085938e+00,7.089325428009033203e+00,1.188593769073486328e+01,1.477734565734863281e+00,3.638904333114624023e+00,3.999358177185058594e+00,7.918946146965026855e-01,2.079137563705444336e+00,4.090829193592071533e-01,1.736061215400695801e+00,1.499986290931701660e+00,3.150558948516845703e+00,2.650730848312377930e+00,3.368904113769531250e+00,1.010393977165222168e+00,2.151028394699096680e+00,3.328668594360351562e+00,2.232279777526855469e+00,1.867300271987915039e+00,3.124237298965454102e+00,4.377276897430419922e+00,3.882474422454833984e+00,3.789893150329589844e+00,6.312127709388732910e-01,1.669257521629333496e+00,1.643671274185180664e+00,6.595246195793151855e-01
3.724350631237030029e-01,1.760403871536254883e+00,8.178533554077148438e+00,9.207399368286132812e+00,9.699051380157470703e-01,3.743629693984985352e+00,5.185194969177246094e+00,3.516321420669555664e+00,3.014554738998413086e+00,2.159534692764282227e+00,4.835091114044189453e+00,2.867651462554931641e+00,4.071925640106201172e+00,4.387457847595214844e+00,6.409437179565429688e+00,4.931264400482177734e+00,1.111380481719970703e+01,2.755012512207031250e+00,4.687229633331298828e+00,4.695336341857910156e+00,3.403699398040771484e+00,3.180260896682739258e+00,2.070206880569458008e+00,2.088747262954711914e+00,9.648624062538146973e-01,1.540734648704528809e+00,1.590028405189514160e+00,2.467590332031250000e+00,8.141966462135314941e-01,1.060672998428344727e+00,3.717326402664184570e+00,3.089222669601440430e+00,1.517562508583068848e+00,1.074890971183776855e+00,1.464976549148559570e+00,2.196253538131713867e+00,1.637020826339721680e+00,1.074904799461364746e+00,2.250132322311401367e+00,1.482169389724731445e+00,5.630588531494140625e-01
7.239987254142761230e-01,2.692082166671752930e+00,8.480030059814453125e+00,9.306673049926757812e+00,8.131184577941894531e-01,2.789513111114501953e+00,5.347307682037353516e+00,4.806618213653564453e+00,3.464480876922607422e+00,2.471903562545776367e+00,8.317769050598144531e+00,8.058760166168212891e-01,2.645599842071533203e+00,5.488668441772460938e+00,5.121991634368896484e+00,3.694104194641113281e+00,3.472401142120361328e+00,3.006043195724487305e+00,1.151175260543823242e+00,1.996075034141540527e+00,4.516749382019042969e+00,2.840461969375610352e+00,2.480104684829711914e+00,2.161105871200561523e+00,1.885269761085510254e+00,5.371843576431274414e-01,6.215594410896301270e-01,9.600654840469360352e-01,3.347460627555847168e-01,5.326207876205444336e-01,1.867792248725891113e+00,2.357863664627075195e+00,2.102054119110107422e+00,2.959277153015136719e+00,2.648002147674560547e+00,1.214149355888366699e+00,1.186215519905090332e+00,3.005848646163940430e+00,4.489056110382080078e+00,2.073566913604736328e+00,3.386579155921936035e-01
8.593230247497558594e-01,2.781611680984497070e+00,5.122546672821044922e+00,5.798262119293212891e+00,5.172319889068603516e+00,4.131462097167968750e+00,3.136914253234863281e+00,2.591304302215576172e+00,1.480333924293518066e+00,4.221539974212646484e+00,1.365190505981445312e+01,2.691360712051391602e+00,3.140580654144287109e+00,5.549127578735351562e+00,7.967194080352783203e+00,7.060272216796875000e+00,1.889648556709289551e+00,3.354012966156005859e+00,3.789301872253417969e+00,2.095646142959594727e+00,2.107727527618408203e+00,1.229645252227783203e+00,1.173786759376525879e+00,2.571120023727416992e+00,4.027477741241455078e+00,4.112366676330566406e+00,4.072167575359344482e-01,3.840211033821105957e-01,4.762494266033172607e-01,1.124220252037048340e+00,4.852440834045410156e+00,4.266005516052246094e+00,3.002415895462036133e+00,3.140763044357299805e+00,3.133636236190795898e+00,1.203716635704040527e+00,1.583208680152893066e+00,3.871788740158081055e+00,4.318577766418457031e+00,1.543724894523620605e+00,1.410426855087280273e+00
3.152392804622650146e-01,3.308506965637207031e+00,4.694290161132812500e+00,6.395471572875976562e+00,6.328297615051269531e+00,4.332033634185791016e+00,3.879261970520019531e+00,8.039480447769165039e-01,7.713284492492675781e-01,3.226449012756347656e+00,8.884716033935546875e+00,3.225488424301147461e+00,5.201620101928710938e+00,4.895475864410400391e+00,4.018030166625976562e+01,9.475953102111816406e+00,2.032256126403808594e+00,3.203441143035888672e+00,3.198288202285766602e+00,5.241627097129821777e-01,4.168049335479736328e+00,1.303279757499694824e+00,1.319755792617797852e+00,3.978259086608886719e+00,3.011373043060302734e+00,4.512403488159179688e+00,1.138325214385986328e+00,7.827981710433959961e-01,2.716888904571533203e+00,1.743392467498779297e+00,4.418855667114257812e+00,4.295057773590087891e+00,2.291562795639038086e+00,1.572801709175109863e+00,2.374139547348022461e+00,8.900067210197448730e-01,1.053585648536682129e+00,4.019936084747314453e+00,5.014591217041015625e+00,3.357143163681030273e+00,1.526750564575195312e+00
5.505131483078002930e-01,2.840025663375854492e+00,2.912611246109008789e+00,3.372947931289672852e+00,6.442321300506591797e+00,5.526613235473632812e+00,3.791807174682617188e+00,1.035014152526855469e+00,1.175592184066772461e+00,4.863535404205322266e+00,4.789896488189697266e+00,5.270969867706298828e+00,5.928778171539306641e+00,1.442989635467529297e+01,1.908391418457031250e+02,1.480473423004150391e+01,2.303635597229003906e+00,3.263615131378173828e+00,9.982450604438781738e-01,7.216252684593200684e-01,3.781684875488281250e+01,1.767950439453125000e+01,1.967557191848754883e+00,7.405031681060791016e+00,2.729908227920532227e+00,4.066172122955322266e+00,6.266095161437988281e+00,1.907480359077453613e+00,1.571940040588378906e+01,1.395329093933105469e+01,4.969758987426757812e+00,3.724348306655883789e+00,1.706972002983093262e+00,1.546460628509521484e+00,1.345265746116638184e+00,7.410551309585571289e-01,8.373752236366271973e-01,2.965185880661010742e+00,4.244816780090332031e+00,3.866839647293090820e+00,1.158504605293273926e+00
1.374873161315917969e+00,1.365806102752685547e+00,3.048019170761108398e+00,3.455886840820312500e+00,3.728443145751953125e+00,9.426752090454101562e+00,2.911935091018676758e+00,1.739433526992797852e+00,3.152063846588134766e+00,5.386637687683105469e+00,6.111300945281982422e+00,3.699318408966064453e+00,3.713696956634521484e+00,6.650086879730224609e+00,1.332780303955078125e+02,1.477277946472167969e+01,3.711530923843383789e+00,4.147781372070312500e+00,1.326247692108154297e+00,8.805563449859619141e-01,2.830436325073242188e+01,1.416551780700683594e+01,2.058203935623168945e+00,5.678095817565917969e+00,3.735193490982055664e+00,5.650490283966064453e+00,8.094553947448730469e+00,2.551807880401611328e+00,1.611987113952636719e+01,1.573717403411865234e+01,3.572980403900146484e+00,1.708246469497680664e+00,7.212384343147277832e-01,3.791466653347015381e-01,4.789745807647705078e-01,1.093620538711547852e+00,1.243463873863220215e+00,1.396368503570556641e+00,4.328227043151855469e-01,3.932400465011596680e+00,7.623384594917297363e-01
2.616256475448608398e+00,3.930933952331542969e+00,3.882256507873535156e+00,2.880787611007690430e+00,4.476996898651123047e+00,1.229198455810546875e+01,7.420585632324218750e+00,6.213465690612792969e+00,6.573398113250732422e+00,4.212670326232910156e+00,5.004555702209472656e+00,1.076820373535156250e+00,2.846796989440917969e+00,6.628726959228515625e+00,5.278535842895507812e+01,8.714004516601562500e+00,5.768404960632324219e+00,7.363578319549560547e+00,1.665246486663818359e+00,7.112947106361389160e-01,6.868645668029785156e+00,4.039234161376953125e+00,9.262841343879699707e-01,1.591381549835205078e+00,3.039379596710205078e+00,8.227966308593750000e+00,1.494453525543212891e+01,3.732636928558349609e+00,8.800956726074218750e+00,9.144461631774902344e+00,3.887592315673828125e+00,2.263100385665893555e+00,4.613418281078338623e-01,2.824626564979553223e-01,5.758344531059265137e-01,1.034132480621337891e+00,2.014091491699218750e+00,2.685974597930908203e+00,6.533269286155700684e-01,2.781407594680786133e+00,1.179873466491699219e+00
2.541860103607177734e+00,4.986404895782470703e+00,3.407409906387329102e+00,4.523767471313476562e+00,6.518343925476074219e+00,1.248634719848632812e+01,8.154781341552734375e+00,7.974523544311523438e+00,6.551008701324462891e+00,2.330359697341918945e+00,4.101607322692871094e+00,3.316666603088378906e+00,5.590153217315673828e+00,5.241732120513916016e+00,4.778892135620117188e+01,6.468531131744384766e+00,5.910592079162597656e+00,6.625710964202880859e+00,1.350448846817016602e+00,1.140888929367065430e+00,2.189285516738891602e+00,1.776857614517211914e+00,1.436594009399414062e+00,9.051060080528259277e-01,2.002832889556884766e+00,6.942975997924804688e+00,1.314132881164550781e+01,3.275988101959228516e+00,2.664984703063964844e+00,3.090371370315551758e+00,7.984691619873046875e+00,4.326903820037841797e+00,1.482997179031372070e+00,8.294506072998046875e-01,6.391199827194213867e-01,2.537556171417236328e+00,2.889652729034423828e+00,2.721362113952636719e+00,1.700123906135559082e+00,1.753956556320190430e+00,7.307748198509216309e-01
1.617533445358276367e+00,7.130203247070312500e+00,1.188055706024169922e+01,6.155266761779785156e+00,6.384225845336914062e+00,7.920560359954833984e+00,6.416032314300537109e+00,6.829908370971679688e+00,4.757388114929199219e+00,2.445861816406250000e+00,2.311462402343750000e+00,5.856207370758056641e+00,6.669930458068847656e+00,4.667009353637695312e+00,7.085422515869140625e+00,2.238003492355346680e+00,3.055051088333129883e+00,1.084315538406372070e+00,2.199470043182373047e+00,1.955723643302917480e+00,5.922900676727294922e+00,2.779120206832885742e+00,1.776795625686645508e+00,1.023541450500488281e+00,1.845364093780517578e+00,1.839482069015502930e+00,3.101792573928833008e+00,4.716326236724853516e+00,1.095041751861572266e+00,2.301027774810791016e+00,1.166132068634033203e+01,2.475301027297973633e+00,1.136698603630065918e+00,1.715778708457946777e+00,1.254855751991271973e+00,4.586277961730957031e+00,2.597930908203125000e+00,3.635168075561523438e+00,3.577398777008056641e+00,3.757783412933349609e+00,1.888836264610290527e+00
1.286368131637573242e+00,7.124162673950195312e+00,1.733086204528808594e+01,9.234225273132324219e+00,5.085243225097656250e+00,5.857938766479492188e+00,6.552930831909179688e+00,5.769471645355224609e+00,2.809321641921997070e+00,2.283907890319824219e+00,2.328105688095092773e+00,6.185865879058837891e+00,6.551421165466308594e+00,3.944518327713012695e+00,4.853549957275390625e+00,3.376129627227783203e+00,3.991174221038818359e+00,1.354604959487915039e+00,2.136504173278808594e+00,1.893628358840942383e+00,1.290650558471679688e+01,4.062367916107177734e+00,1.871090888977050781e+00,1.211938142776489258e+00,1.716598272323608398e+00,1.698717474937438965e+00,3.190835952758789062e+00,6.371307849884033203e+00,4.397999763488769531e+00,2.296650886535644531e+00,1.231336784362792969e+01,3.018150568008422852e+00,1.350103735923767090e+00,2.554605245590209961e+00,2.227127075195312500e+00,4.757123947143554688e+00,3.638298511505126953e+00,4.705967903137207031e+00,4.534393787384033203e+00,7.809305191040039062e+00,2.240360021591186523e+00
1.106799483299255371e+00,5.687585353851318359e+00,8.968952178955078125e+00,6.369293212890625000e+00,1.619197726249694824e+00,1.898009538650512695e+00,3.803324937820434570e+00,5.796678066253662109e+00,3.576155424118041992e+00,1.576553940773010254e+00,2.657993078231811523e+00,4.395537376403808594e+00,2.345891952514648438e+00,1.018033504486083984e+01,1.703943824768066406e+01,3.617383241653442383e+00,3.768333673477172852e+00,4.047801971435546875e+00,3.862847805023193359e+00,1.710556983947753906e+00,1.323552799224853516e+01,8.330813407897949219e+00,3.272821664810180664e+00,1.600658893585205078e+00,2.985595464706420898e+00,3.620811939239501953e+00,6.614474773406982422e+00,3.276803255081176758e+00,5.616878032684326172e+00,4.493070602416992188e+00,5.426486015319824219e+00,2.952333688735961914e+00,3.006104946136474609e+00,2.863237619400024414e+00,3.274369478225708008e+00,2.453109025955200195e+00,6.323780059814453125e+00,4.489672183990478516e+00,3.581747531890869141e+00,1.062930011749267578e+01,8.738474249839782715e-01
1.313275456428527832e+00,9.696626663208007812e+00,8.335871696472167969e+00,4.424009799957275391e+00,2.818145990371704102e+00,2.183093309402465820e+00,2.263957977294921875e+00,5.514614105224609375e+00,6.002578258514404297e+00,2.858468055725097656e+00,2.171321392059326172e+00,4.065865516662597656e+00,2.348460674285888672e+00,7.185180187225341797e+00,1.690096282958984375e+01,2.838370800018310547e+00,3.904237747192382812e+00,4.116635799407958984e+00,3.970387935638427734e+00,4.027338027954101562e+00,8.202687263488769531e+00,8.135370254516601562e+00,2.921375751495361328e+00,1.507471799850463867e+00,3.989328622817993164e+00,4.498295307159423828e+00,8.055867195129394531e+00,6.401238441467285156e-01,2.992048501968383789e+00,3.802369356155395508e+00,2.237131834030151367e+00,2.318453073501586914e+00,4.641066074371337891e+00,3.053704738616943359e+00,2.855837345123291016e+00,4.609550476074218750e+00,1.086636543273925781e+01,3.062910556793212891e+00,2.324393033981323242e+00,8.926161766052246094e+00,1.514648556709289551e+00
